name,phone,email
Supplier Med 1 Ltd,+380670002001,contact1@supplier.example
Supplier Med 2 Ltd,+380670002002,contact2@supplier.example
Supplier Med 3 Ltd,,contact3@supplier.example
Supplier Med 4 Ltd,+380670002004,contact4@supplier.example
Supplier Med 5 Ltd,+380670002005,contact5@supplier.example
Supplier Med 6 Ltd,+380670002006,contact6@supplier.example
Supplier Med 7 Ltd,,contact7@supplier.example
Supplier Med 8 Ltd,+380670002008,contact8@supplier.example
Supplier Med 9 Ltd,+380670002009,contact9@supplier.example
Supplier Med 10 Ltd,,contact10@supplier.example
Supplier Med 11 Ltd,+380670002011,
Supplier Med 12 Ltd,+380670002012,contact12@supplier.example
Supplier Med 13 Ltd,,contact13@supplier.example
Supplier Med 14 Ltd,,contact14@supplier.example
Supplier Med 15 Ltd,+380670002015,
Supplier Med 16 Ltd,+380670002016,contact16@supplier.example
Supplier Med 17 Ltd,+380670002017,contact17@supplier.example
Supplier Med 18 Ltd,,
Supplier Med 19 Ltd,+380670002019,
Supplier Med 20 Ltd,,contact20@supplier.example
Supplier Med 21 Ltd,,contact21@supplier.example
Supplier Med 22 Ltd,+380670002022,contact22@supplier.example
Supplier Med 23 Ltd,+380670002023,contact23@supplier.example
Supplier Med 24 Ltd,+380670002024,contact24@supplier.example
Supplier Med 25 Ltd,+380670002025,contact25@supplier.example
