name,description
Test Type 1,Коваль рідкий груди шолом коричневий призначити написати.
Test Type 2,Століття провал народ військовий правий близько небезпека пісенька.
Test Type 3,Штаб мить підлога наштовхнутися.
Test Type 4,Низький зелений наполегливо художній житель несподіваний кишеня вчора.
Test Type 5,Соціалістичний реклама залучати блискучий груди дошлий палиця.
Test Type 6,Хід медицина закласти встати обуритися колектив спалити.
Test Type 7,Монета даль почуття природний результат уникати порода господь результат.
Test Type 8,Підземний князь ніж ґудзик виражений перетнути прем'єра.
Test Type 9,Закласти банк повністю перед квапливий житель зображати тута.
Test Type 10,Розстебнути актриса художній вивчити адже навряд господь.
Test Type 11,Нарада адвокат підлога за.
Test Type 12,Дорогий заплакати пробувати черговий зрідка порада.
Test Type 13,МʼЯта щур промовчати трясти купа-невеличка пісенька.
Test Type 14,Занадто падаль валюта господь голубчик.
Test Type 15,Дрібниця дихання гіркий ягода район міркування дихання.
Test Type 16,Матерія функція прохід вибирати зате.
Test Type 17,Заплакати подробиця заспокоїтися слати трубка промовчати інфекція палата.
Test Type 18,Витримати вивести спалити плід їсти шолом адже банк.
Test Type 19,Яскраво хліб трубка метал вивести яскраво інший.
Test Type 20,Коричневий черговий зловити що.
